{"stats":{"minecraft:killed_by":{"minecraft:zombie":3},"minecraft:mined":{"minecraft:grass":1,"minecraft:grass_block":2,"minecraft:birch_leaves":1},"minecraft:custom":{"minecraft:jump":96,"minecraft:damage_dealt":222,"minecraft:time_since_rest":884,"minecraft:damage_taken":770,"minecraft:leave_game":3,"minecraft:crouch_one_cm":58,"minecraft:play_time":3870,"minecraft:sprint_one_cm":9601,"minecraft:time_since_death":545,"minecraft:walk_one_cm":10627,"minecraft:deaths":3,"minecraft:sneak_time":9,"minecraft:total_world_time":3870,"minecraft:fall_one_cm":2584,"minecraft:fly_one_cm":18029},"minecraft:used":{"minecraft:dirt":1},"minecraft:picked_up":{"minecraft:dirt":1}},"DataVersion":3465}