{
  "minecraft:recipes/decorations/crafting_table": {
    "criteria": {
      "unlock_right_away": "2024-07-08 08:12:02 +0000"
    },
    "done": true
  },
  "minecraft:adventure/adventuring_time": {
    "criteria": {
      "minecraft:forest": "2024-07-08 08:12:22 +0000",
      "minecraft:old_growth_birch_forest": "2024-07-08 08:12:05 +0000"
    },
    "done": false
  },
  "minecraft:adventure/root": {
    "criteria": {
      "killed_by_something": "2024-07-08 08:13:29 +0000"
    },
    "done": true
  },
  "DataVersion": 3465
}